,Ave Rating
2892,4.0
1407,3.91
2493,4.28
2014,3.93
3347,3.71
2962,3.55
518,3.75
1068,3.98
767,4.16
573,2.86
3280,4.12
3053,3.54
1399,3.84
2244,4.19
1041,4.67
1454,2.11
1808,4.18
123,3.76
2240,4.23
2529,4.14
819,4.22
100,4.68
2959,4.13
3107,3.4
3187,3.66
2941,4.54
1192,2.48
2843,4.21
2694,4.51
2123,3.84
2608,3.98
2022,4.11
456,3.6
1896,3.48
381,3.88
3135,3.59
1749,3.55
3303,4.38
1010,4.21
1738,3.16
1767,4.36
662,4.13
3047,3.77
3158,4.45
2371,4.2
2644,4.4
2567,4.22
2788,3.54
845,4.12
542,3.94
3316,4.4
2619,4.0
1133,3.78
2292,3.85
1258,3.84
1578,3.76
1940,3.53
2096,4.19
1048,4.76
3248,3.67
1376,3.81
1647,3.95
3241,3.72
237,3.85
2584,3.96
1270,3.51
3043,3.68
2835,4.57
163,4.3
1374,4.1
252,3.71
1533,3.94
2452,3.83
930,4.34
1966,3.89
2692,4.47
1488,3.21
3315,4.13
2462,3.88
1727,3.68
2232,3.89
2686,4.23
3325,3.97
677,4.04
41,4.05
1949,4.0
1665,3.64
1391,4.07
243,4.07
1151,2.54
2344,3.62
2322,4.1
261,4.08
3078,3.72
834,4.26
2599,4.28
2752,3.77
1801,3.64
1149,2.27
340,3.99
1338,3.77
748,3.42
3027,3.9
480,3.83
1187,3.28
1847,4.01
3050,3.94
783,3.45
2886,4.61
2208,3.72
2702,3.58
2016,4.12
2103,3.68
1233,3.89
1157,3.39
2221,3.74
2384,3.76
1278,2.79
1436,2.25
626,3.89
347,3.64
2149,4.13
1545,3.96
979,3.61
2899,4.33
1392,3.96
911,3.73
2685,4.15
632,4.17
1860,3.5
445,3.72
617,3.62
1552,3.77
1357,3.57
2246,4.37
1566,4.05
2859,4.32
1196,3.68
1587,3.83
353,3.96
613,3.77
1925,3.67
1905,4.28
2132,4.14
57,4.38
1457,3.53
1538,3.96
2465,4.16
2844,3.59
2113,4.23
2461,3.67
1575,3.61
1361,4.12
3045,3.94
1309,3.77
560,3.4
707,3.4
3255,3.73
424,3.49
1093,4.52
647,4.3
72,4.55
1510,3.66
1350,3.92
1234,3.73
1005,4.49
620,3.84
1525,4.11
553,3.81
3095,3.65
2986,4.11
2483,3.56
998,3.51
1554,3.68
3156,3.72
3076,3.52
3342,3.75
1871,3.6
440,3.61
508,4.08
1100,4.21
589,3.18
3352,3.79
649,3.79
3064,4.31
2552,3.89
1897,3.43
1502,3.77
3244,4.18
660,4.11
630,3.96
2915,3.95
2648,4.66
482,3.61
1419,3.76
2872,3.68
2727,3.78
2351,3.86
2177,4.19
1961,3.57
856,4.06
1190,3.37
3087,4.04
530,3.0
3289,4.36
49,4.56
858,4.11
1289,3.19
1072,4.6
719,3.69
3147,3.63
1660,4.62
2526,4.28
3051,3.85
1859,3.37
2392,3.55
1637,4.16
2507,3.76
3077,4.12
2314,3.84
2817,4.31
1261,4.18
2320,4.03
2406,4.04
1195,3.32
2856,4.18
2946,4.11
1878,3.41
297,3.95
1898,3.89
2728,4.12
958,4.05
1506,3.7
1535,3.75
1381,3.75
2196,4.13
349,3.81
2276,3.59
643,3.79
2229,4.19
2422,3.66
669,4.47
1577,3.67
2757,4.08
3224,4.0
1179,2.87
2550,4.17
1323,3.69
2661,4.57
1769,3.71
1950,3.76
786,3.66
3018,4.22
140,3.94
788,3.67
1962,3.69
2994,4.07
714,3.65
1671,4.29
1954,3.62
3079,3.94
1490,3.54
1825,3.55
3173,3.87
618,3.83
406,4.18
1475,4.01
3103,3.03
3346,4.12
3318,4.31
2424,4.28
497,3.73
342,4.16
2183,3.99
3210,3.94
782,3.64
2318,3.83
303,3.2
2749,3.75
2477,3.67
664,3.88
1177,3.48
1244,3.94
2053,3.76
1850,4.01
2765,3.93
2366,3.91
84,4.46
2487,3.95
941,3.92
961,4.08
841,3.61
1697,2.16
2664,4.36
2004,4.0
1880,3.34
1611,3.0
290,4.0
2337,3.43
3021,4.02
604,3.69
2288,3.61
916,4.33
3277,4.53
2059,3.93
1099,3.49
1088,4.17
2359,3.68
2248,4.02
821,4.17
2763,4.11
1302,2.94
1000,3.84
3126,4.28
18,3.84
493,3.48
1125,3.95
1909,3.67
2064,3.08
2328,3.75
1588,3.63
2304,4.1
2057,4.0
687,4.09
1885,3.34
2668,4.38
2266,3.83
2313,4.07
1009,4.24
2706,3.81
360,3.86
2864,4.17
3067,4.16
2159,3.79
1310,3.61
3252,3.78
2639,3.62
3133,3.13
1988,3.84
344,3.79
986,3.73
2466,4.05
743,3.9
3343,3.64
1450,2.53
113,3.62
1377,2.77
1241,4.08
1142,2.33
2003,3.89
1216,3.67
1198,3.53
85,4.39
2451,3.79
668,4.18
1014,4.21
128,3.41
1364,3.62
2917,3.96
1689,4.43
891,3.94
2170,3.94
1359,3.89
307,3.63
383,4.11
150,3.73
1317,3.94
1600,3.22
2592,4.12
426,3.75
494,3.73
1207,3.7
2310,3.71
3279,4.59
1208,3.71
2571,4.3
2721,3.3
2470,3.71
1412,3.86
1239,3.84
1592,3.41
1650,4.13
275,3.48
489,3.54
1537,4.06
1229,3.76
690,3.78
1873,4.1
2010,4.33
1461,3.53
1517,3.65
2478,3.96
2335,3.49
1058,4.62
118,3.8
1024,4.08
1702,2.86
281,3.36
2995,4.08
1316,3.62
2618,3.92
968,3.95
1465,3.89
1713,3.59
2274,3.66
2032,4.15
2762,4.13
155,3.44
304,3.67
2407,4.05
2858,4.51
2751,4.14
1918,3.46
2515,3.98
1307,3.85
1742,3.59
575,4.09
3056,3.62
2882,4.23
3312,3.99
1299,3.71
1805,3.89
3190,3.82
2699,4.08
1507,3.88
843,4.09
2121,3.84
269,4.49
629,3.86
1033,4.17
1862,3.89
286,3.6
1326,3.92
3011,4.06
300,3.75
1725,3.98
3341,3.98
2084,4.27
2389,4.2
65,4.2
2494,3.92
890,3.67
2611,3.83
2920,3.82
2120,3.85
1553,3.75
230,3.61
503,3.73
2950,3.99
1726,3.92
3243,3.43
1565,4.14
1004,4.69
836,4.12
1960,3.93
374,3.95
1833,4.03
2372,3.91
2918,3.82
939,3.81
1321,3.53
2988,4.07
751,4.04
99,4.47
2115,4.27
866,3.74
910,3.87
2963,3.72
529,3.02
1260,3.4
2417,3.93
636,3.83
1269,3.61
185,2.62
3066,4.17
3340,3.84
3055,3.69
931,3.85
1441,3.01
2971,4.14
2576,4.23
1775,3.88
2687,4.35
1273,3.09
2446,3.95
607,3.77
1717,3.56
151,3.7
2771,3.94
2409,3.87
1691,3.99
2463,3.64
731,3.14
1709,2.78
3249,3.91
3057,3.77
23,3.63
2825,3.78
158,3.62
861,3.87
1869,3.82
902,3.96
1822,4.34
1230,2.34
2533,4.18
444,3.82
3290,4.57
754,3.71
923,4.48
3327,3.69
2364,3.73
311,3.89
1375,4.11
548,3.42
2242,4.11
2925,3.97
306,3.97
287,3.77
694,4.58
308,3.48
2602,4.19
3296,4.16
749,4.28
1826,4.07
1580,3.14
1922,3.95
1614,4.24
908,3.78
86,4.23
2666,4.36
2711,3.46
2791,3.66
970,3.52
13,3.57
873,3.68
808,3.97
3309,4.35
514,3.36
2700,3.76
409,3.9
1740,3.93
1337,3.32
1413,3.83
2741,3.57
1666,4.27
1864,3.73
1813,4.08
3322,4.29
382,4.44
3149,3.35
2459,3.81
1714,3.33
3054,3.69
2131,3.77
2630,4.07
1731,3.65
1393,3.86
552,3.29
1993,3.4
222,3.58
1972,4.28
1096,4.68
3093,3.89
8,3.54
1876,3.59
316,3.65
1328,3.57
427,4.14
1703,2.89
105,4.07
2453,3.62
142,3.61
121,3.89
2657,4.22
3208,3.61
1189,3.67
2736,3.87
2913,4.13
1744,3.45
115,3.63
3075,3.85
1612,3.72
2484,3.78
3136,3.7
3302,4.65
2025,3.76
2476,3.83
672,3.96
2202,3.87
1109,3.98
1924,3.4
591,3.35
1866,3.71
2836,3.88
888,3.67
2323,3.68
1743,4.15
1576,4.06
3074,3.87
213,3.6
778,3.62
2419,4.02
1448,2.01
2080,4.55
800,3.51
2776,4.22
1840,3.5
1937,3.75
1567,3.91
2563,4.14
2984,4.34
1518,3.62
2172,4.0
3038,3.74
1343,4.02
273,3.96
71,4.24
720,3.47
1087,4.54
394,4.16
583,3.52
1938,3.61
2262,3.78
2268,3.85
500,3.41
2281,4.02
2638,3.78
3336,3.55
3071,3.94
1867,3.36
1259,3.37
2037,3.99
2124,3.93
205,3.75
733,3.52
1933,3.77
526,3.5
2645,4.06
1752,3.83
898,4.14
377,4.11
1559,3.84
2117,4.15
3004,4.08
1837,3.9
386,3.92
198,3.85
3286,4.36
1050,4.59
590,3.64
519,3.73
2270,3.85
1628,4.24
2290,3.82
429,4.36
1083,4.6
2282,3.97
1793,4.3
207,3.32
491,3.51
1818,4.12
1786,3.9
3262,3.6
792,3.15
3199,3.35
1186,3.93
1185,3.77
2019,4.4
2163,4.07
2501,3.83
2506,4.27
1530,4.04
1410,3.73
1476,3.69
2674,4.42
83,4.09
2655,4.53
2500,4.06
20,3.73
2431,3.89
1627,4.48
1941,4.01
3113,4.09
1405,4.15
2238,3.71
1562,3.86
3348,3.79
3017,4.12
3166,4.0
973,3.64
3128,3.44
883,3.83
1098,3.96
156,3.74
3292,4.04
886,3.85
3357,3.79
2020,4.29
1512,3.79
3101,3.61
1902,3.66
2889,4.14
2175,3.89
2428,4.07
1453,1.94
1505,3.65
2063,3.9
2969,3.73
458,3.9
2212,3.66
78,4.38
3264,3.55
2334,3.47
1056,4.51
906,3.89
1987,3.46
2488,3.72
3020,3.99
380,3.91
947,3.79
2108,3.73
2256,3.86
2676,4.44
715,3.5
2245,3.89
686,3.95
2874,4.23
1293,2.84
305,2.9
209,3.99
2535,4.08
2495,4.33
3332,3.54
1957,3.89
885,4.13
2111,3.86
917,3.67
2906,3.95
2078,4.66
191,3.84
2129,3.75
2513,3.93
1265,3.91
483,3.58
915,3.96
2912,4.37
277,3.6
988,3.62
1849,3.12
1245,3.61
2181,4.04
571,3.54
1435,2.36
993,3.9
1784,4.08
1779,4.07
585,3.65
3293,4.39
1999,3.84
3351,4.1
1349,3.49
1007,4.35
674,4.19
2098,4.31
855,3.3
447,3.8
1807,3.7
865,4.05
2046,3.81
2538,4.13
2997,4.07
2671,4.03
2110,4.26
1809,4.57
2993,3.77
2785,4.06
1247,3.6
294,4.04
1547,3.55
588,3.27
1741,2.76
1281,2.94
1811,4.59
2174,4.25
2593,4.21
1963,3.84
2447,3.56
2972,3.96
3193,3.03
1417,3.95
425,3.65
534,3.42
1054,4.67
2543,3.69
2803,3.65
1815,4.26
1770,3.6
132,3.5
6,4.1
2983,3.91
421,3.75
1690,3.88
2980,3.91
2287,4.06
3232,3.46
1716,3.39
1368,4.0
556,3.75
2293,3.86
2347,3.4
3035,4.12
3001,3.96
1929,3.97
570,3.87
352,3.83
91,3.97
3181,3.73
2871,3.84
1170,3.56
3016,3.81
1285,3.05
2102,3.9
2126,3.97
2298,4.33
2952,3.76
1591,3.45
1877,3.58
697,4.05
2805,3.74
348,3.88
2585,4.43
2629,3.98
2720,4.06
2437,3.67
1137,3.71
2154,3.9
1846,3.79
3176,3.24
3160,4.07
1711,3.73
1339,4.25
2794,3.82
453,4.06
913,4.16
2783,4.2
1199,3.24
1274,4.02
2194,3.71
37,4.06
974,3.91
3106,3.35
983,3.85
1249,3.9
2258,3.81
1418,3.69
1284,2.71
1560,4.02
39,4.09
1486,3.98
2573,4.02
169,4.18
1355,3.7
737,3.77
1973,4.26
3024,3.63
1672,4.2
1564,3.71
2216,3.96
634,3.77
2968,4.26
2226,4.18
1640,4.03
1290,3.19
2620,4.26
1380,3.4
579,3.74
328,3.88
2066,3.9
892,3.74
1143,2.71
780,3.74
1991,4.34
159,3.53
1967,3.71
2073,4.41
2607,3.88
61,3.83
849,4.02
2394,4.34
3240,4.17
2522,4.05
1596,3.28
1776,4.03
1043,4.22
2793,3.76
1544,3.98
2236,4.35
3069,3.93
1070,4.69
53,3.9
3237,4.07
2732,3.89
1797,4.13
258,3.8
505,3.87
752,3.78
3246,2.97
217,3.71
824,4.29
2271,3.77
3356,3.63
2553,3.9
1389,3.91
2801,3.79
1266,3.85
2760,4.1
2107,4.35
1598,3.57
3042,3.79
2979,4.27
1607,3.23
1594,3.73
771,3.81
3142,3.6
3354,3.92
1176,3.41
3008,4.16
1868,2.95
1085,4.5
2299,4.13
1951,4.03
1325,2.98
2383,3.87
1979,4.51
806,3.67
3310,4.16
1403,3.99
2140,3.66
2090,4.14
2400,3.79
2779,3.67
1163,3.65
963,3.75
3251,3.45
1912,4.0
816,4.3
398,4.01
584,2.83
948,4.0
704,3.32
431,4.2
1688,4.26
292,3.5
145,3.47
323,4.35
2964,3.68
2370,4.16
1165,2.85
1452,2.43
2,3.58
1712,3.7
576,3.19
2582,3.9
339,3.92
1382,3.9
2013,4.12
925,3.68
265,3.88
376,3.93
2628,3.97
1771,4.27
1463,3.97
271,4.41
696,4.11
3330,3.24
244,4.13
3153,3.33
476,3.68
2860,4.2
2114,4.24
813,3.42
2086,3.97
1914,3.74
2099,4.4
3207,3.68
3122,3.68
3307,4.53
1164,1.8
1804,4.47
2439,3.59
250,4.18
413,4.07
545,3.58
1193,3.45
738,3.83
310,4.01
2651,4.73
893,3.89
1131,4.25
1449,2.22
3257,3.49
15,3.69
2247,4.33
721,3.47
1420,3.98
2951,4.57
981,3.57
2375,4.1
1539,3.84
2834,3.68
1911,3.77
1550,3.92
2787,3.61
363,3.48
982,2.99
182,3.49
985,3.66
2272,4.08
1194,3.45
2542,4.0
3014,4.15
1121,3.9
2937,4.29
187,3.71
619,4.36
2042,3.88
1175,3.48
1182,3.55
2670,4.29
2473,4.0
614,3.75
1513,3.53
1466,3.96
401,4.09
994,3.4
934,4.02
371,4.18
2227,4.49
2697,4.19
593,4.22
2222,3.66
726,3.61
826,4.2
1521,3.72
136,3.98
628,4.23
334,3.81
390,4.1
2591,4.13
1817,4.08
3023,3.42
710,3.81
1039,4.17
2832,4.29
2908,4.23
1561,3.86
3090,3.81
2822,3.87
1112,3.56
1223,3.83
2249,4.23
1508,3.8
1750,3.39
3010,4.13
338,3.88
215,4.28
1341,4.26
2841,3.37
3144,4.11
3046,3.81
2093,4.34
3013,4.11
101,3.87
2418,3.65
171,4.22
107,3.74
3304,3.83
3344,3.73
2475,3.8
2252,4.13
2289,3.43
2259,3.75
2530,4.28
2623,3.64
2885,3.84
1040,4.15
1524,3.95
3037,3.92
481,3.8
2442,3.8
2716,3.89
1762,4.31
2866,4.35
2847,3.89
2329,3.87
405,3.94
757,4.23
2241,4.09
97,3.97
1333,4.2
3161,4.07
3105,4.21
2215,4.07
2058,3.76
2367,4.12
148,3.31
28,3.66
2303,3.98
2218,3.48
692,4.13
1386,3.77
1845,4.05
2396,3.71
1599,3.78
701,4.41
1708,2.59
454,4.13
2040,4.15
2354,3.59
609,3.81
167,2.92
730,3.73
2827,3.88
3009,4.06
2234,3.95
1622,4.32
587,3.48
1401,3.69
1700,3.43
2457,4.14
2654,4.08
1379,3.09
2089,4.29
2430,4.08
2164,3.92
3220,4.11
441,3.7
2051,3.84
1301,2.54
2845,4.1
1304,3.16
236,4.09
520,3.47
735,3.05
2974,3.87
2106,3.84
592,4.17
1303,3.31
1387,3.36
2291,3.57
2503,3.76
3127,3.72
904,3.82
2850,3.95
1279,2.73
2688,4.17
3222,3.9
2673,4.12
2759,3.75
2667,4.59
706,4.38
2960,4.4
745,3.97
1939,3.67
2210,3.85
513,3.37
81,3.85
1308,3.84
2792,3.82
914,3.98
3094,3.68
774,3.92
329,4.21
2054,4.01
2001,3.76
943,3.75
822,3.91
909,3.95
181,3.69
164,4.51
1523,4.19
451,3.78
1311,3.98
1111,3.49
2789,3.88
1287,3.09
327,4.07
1790,4.52
3089,4.39
2007,4.27
1858,3.69
312,3.63
832,4.3
1201,3.47
2596,4.08
2209,3.47
2134,4.08
2605,3.61
1481,3.92
777,3.79
799,3.37
54,3.99
1920,3.95
2897,3.87
2423,3.87
1701,3.35
2161,3.83
3146,3.98
987,3.81
2421,3.88
1394,4.0
768,3.7
2973,4.21
285,3.87
2957,4.27
428,3.89
2079,4.16
722,3.84
951,3.34
989,3.97
3131,3.66
3192,4.07
326,3.85
1383,3.79
1724,3.93
1086,4.46
341,3.88
147,3.61
2622,4.15
1107,3.1
848,3.98
966,3.81
2758,3.94
2203,3.95
661,4.38
1002,3.41
2624,4.4
2818,3.66
2627,4.23
3228,3.75
1879,3.57
3184,3.86
1203,3.39
1990,4.08
24,3.69
3150,3.65
2916,4.03
2333,4.03
2581,3.96
875,4.02
3019,4.06
938,3.86
2955,4.04
3328,3.9
385,3.91
2575,4.44
2807,4.0
2469,3.76
2345,3.82
936,3.98
2891,4.28
3275,3.59
1332,3.41
1934,3.57
935,3.94
566,3.66
1854,3.75
2715,4.05
1645,3.41
2382,3.68
1792,3.91
1430,2.34
2603,3.6
1013,4.25
1928,3.82
2527,3.79
126,3.81
2350,3.57
1347,3.78
355,4.02
827,3.89
1639,4.17
984,3.54
2188,3.14
2857,4.36
362,3.79
345,3.84
2312,4.2
3032,4.04
711,3.71
2315,3.94
10,4.07
2704,3.99
2116,3.88
1834,3.89
793,3.31
3233,3.91
94,4.02
129,3.81
2516,4.08
3254,3.47
2263,3.92
1900,3.94
2460,3.95
3319,3.8
1932,3.72
2413,4.18
1865,3.65
1658,4.44
516,3.59
1857,3.22
2243,4.21
1277,3.7
950,4.2
1120,3.81
2204,3.61
419,3.82
922,3.81
2472,3.37
477,3.79
2035,3.87
2579,3.83
1692,1.94
2486,4.1
1471,3.55
1202,2.84
1669,3.14
3256,3.64
1970,3.57
2151,3.23
820,4.17
1997,4.21
3211,4.19
1248,3.31
2468,3.79
2982,4.06
2190,3.92
2928,3.82
1046,3.94
1888,3.63
615,3.64
1318,3.91
3230,3.84
3267,3.58
2136,3.94
2753,3.04
1772,3.77
3305,4.38
131,3.79
77,4.27
2052,4.22
724,3.69
1314,3.71
1851,3.59
3272,3.59
2577,4.43
2782,3.85
1372,3.96
1855,3.89
1319,4.2
3217,3.98
2440,3.88
375,4.14
1908,3.72
333,4.08
2531,3.9
2583,4.26
2365,3.62
1604,3.48
1118,3.67
3168,4.37
1943,3.57
2541,3.92
2376,4.06
2823,4.45
1342,4.33
320,3.57
1619,4.44
2828,3.99
2060,4.16
2219,3.79
1673,4.07
1942,3.65
260,4.18
2637,4.02
2039,4.21
689,3.93
901,4.11
2306,4.16
2026,3.99
138,4.25
1917,3.8
1828,4.24
1573,3.61
319,3.79
653,4.03
2137,4.2
3180,3.69
558,3.08
2187,3.95
112,3.45
531,3.63
224,3.62
723,3.73
2717,3.6
3314,3.98
1433,1.53
2373,4.24
3299,4.22
2683,4.15
1458,2.07
3026,3.94
846,4.13
193,4.13
1464,3.81
946,3.69
2021,3.78
1629,4.56
117,3.74
645,3.92
1870,3.61
3,3.67
74,4.18
1755,4.15
467,3.94
5,3.46
1246,3.74
919,3.91
228,3.42
1063,4.62
242,4.05
2942,4.17
1160,2.84
2815,3.95
3227,4.2
1526,3.97
1605,3.59
3123,3.78
3335,3.75
2610,3.86
2851,4.33
1989,4.16
2743,4.11
2362,3.83
1975,3.67
1761,4.42
1305,4.12
1541,3.95
622,4.07
2595,3.37
1493,3.66
110,3.84
2275,4.07
2987,3.86
1169,3.27
2754,3.53
232,4.37
66,4.04
3033,4.16
2072,3.83
2192,4.23
536,3.93
125,3.94
2133,3.81
1254,3.82
2780,3.76
1976,4.12
2755,3.86
2609,3.96
2075,4.21
484,3.58
1654,4.29
2998,3.99
2545,4.26
2691,4.34
1774,4.2
2410,4.19
918,3.98
1646,3.32
1026,4.28
1030,4.3
882,3.69
1335,4.14
2496,4.07
364,4.64
2125,3.85
27,3.64
473,3.47
525,3.7
725,3.32
55,3.81
638,3.84
302,3.6
2922,3.92
1276,3.28
2953,4.5
624,4.41
2055,3.59
1280,3.23
1049,4.68
336,3.88
47,3.87
106,3.78
2397,3.36
1079,4.41
2286,4.02
2261,4.2
1144,2.99
2672,4.23
2296,3.67
1836,3.83
1753,4.08
1101,3.9
1968,3.43
3285,4.47
523,3.52
2280,3.79
1428,2.44
2921,3.55
603,3.94
1489,3.65
2634,3.88
60,3.86
3080,3.99
671,3.95
92,4.3
666,3.81
1887,3.7
280,3.8
1719,3.87
359,3.88
899,3.99
1935,3.76
1994,3.95
2594,3.96
760,4.36
2158,3.94
2938,4.07
42,4.18
2173,3.75
204,4.12
1473,3.81
2100,3.97
68,3.87
1875,3.52
2665,4.62
2231,4.2
137,4.01
796,3.94
2180,3.85
2128,4.03
758,3.61
541,3.5
1019,3.94
2846,3.75
165,3.94
248,3.58
1331,3.95
2017,4.06
446,3.61
2482,3.74
1358,4.08
2145,4.18
1329,3.8
3260,3.75
2150,4.14
434,3.78
2122,3.84
577,3.71
2677,4.34
3072,3.7
2448,3.74
1848,3.88
762,4.04
388,4.05
235,4.21
3084,3.88
1984,4.49
267,4.16
770,4.08
2165,3.87
437,3.46
673,4.24
249,4.02
2201,4.32
1574,3.64
2142,4.11
2081,4.15
2933,4.06
2877,4.38
3070,3.98
448,3.28
1469,3.71
716,3.22
2684,4.54
2929,4.38
2048,4.02
1901,3.43
3191,4.17
1168,2.61
82,3.98
2712,4.23
1460,3.37
1893,3.67
1668,4.33
2000,4.15
475,3.47
517,3.15
404,3.72
384,4.34
2722,3.8
2152,4.03
1633,3.88
3201,3.35
688,4.02
1240,3.71
62,4.02
852,3.9
3082,3.93
2772,4.34
1262,3.71
223,3.46
2193,3.5
373,3.97
1824,4.51
2840,3.99
3212,4.02
2910,3.97
3007,4.29
9,3.69
2497,3.92
1944,3.41
1838,3.9
708,4.21
255,3.08
1617,4.35
389,4.16
1581,3.76
924,4.29
2508,3.94
2036,3.78
2689,4.31
1224,3.54
2549,3.99
1946,4.01
739,3.76
40,4.15
868,4.1
539,3.75
2810,4.16
1371,4.01
1145,2.61
1031,3.87
372,3.89
667,4.29
357,3.94
967,3.72
1353,4.04
1035,4.29
470,4.13
1396,3.69
2936,4.18
1549,3.73
1256,3.57
2094,4.34
1555,4.07
2900,3.89
1250,3.77
1699,2.42
1252,3.35
3226,4.31
79,4.35
1172,2.84
814,3.38
1852,3.71
2220,3.38
3298,4.42
2105,3.97
133,3.48
1140,2.34
933,3.69
928,3.91
823,4.22
1531,4.04
1214,3.89
504,3.6
3321,4.21
2395,3.97
1996,3.48
2434,3.78
1958,3.91
1384,3.88
894,3.96
828,4.08
3270,3.57
2523,4.09
1683,4.01
2884,4.28
2865,3.85
2813,4.13
652,4.06
172,3.65
38,4.24
3203,3.44
713,3.66
90,4.03
3308,4.22
1205,2.7
2769,4.13
2896,3.75
1827,4.13
1155,2.46
1324,4.07
216,3.89
510,3.74
1680,4.39
499,3.65
2775,3.87
1856,3.51
1388,3.92
1519,3.64
2386,4.34
3049,3.4
2076,4.52
1540,4.02
1217,3.1
2681,4.37
1416,3.83
2217,3.88
2820,4.1
1676,3.98
1197,3.62
1542,3.98
2539,4.26
953,3.5
2635,4.18
750,3.66
2705,4.21
234,3.95
732,3.39
3350,3.75
1156,1.7
2883,4.12
2445,3.58
1209,3.66
1065,4.55
2156,4.03
1062,4.47
2616,3.95
1167,2.67
1492,3.79
2770,3.94
884,4.08
143,2.98
3295,4.45
850,3.83
717,3.13
3183,3.33
2502,4.59
264,3.98
75,4.48
2492,4.42
395,3.9
2852,4.38
2224,4.18
3138,3.56
396,3.93
1365,4.01
3109,3.56
1903,3.97
595,4.2
2109,4.16
1296,2.75
1821,4.1
872,4.05
3261,3.64
2326,4.07
1548,3.65
36,4.22
2710,3.88
2830,4.52
2143,4.11
3178,3.71
977,4.05
1571,3.62
1122,3.86
2786,3.81
2239,4.33
2504,4.08
1892,3.8
675,4.4
728,3.58
412,3.64
1516,3.64
1649,4.42
825,4.15
616,4.21
114,3.68
417,3.71
1625,4.54
2652,4.4
3291,4.23
89,3.47
2932,4.18
2082,4.56
753,3.89
2546,4.43
1630,3.69
11,3.37
2444,3.86
284,3.89
1066,4.6
1191,3.67
1440,2.08
3141,4.27
3140,3.52
2738,3.85
3036,4.02
1568,3.78
2427,3.6
2737,3.92
2887,4.03
1687,4.07
851,3.97
2207,3.83
895,4.12
496,3.48
2305,3.88
1782,4.07
335,3.41
515,3.36
1348,3.95
1015,4.21
2816,3.81
3148,3.6
3143,3.75
2809,4.3
1781,4.13
2569,4.36
1785,4.3
2070,3.79
356,3.54
3194,3.9
1312,3.61
1635,3.65
550,3.35
2388,3.84
2479,3.96
2521,4.01
2265,4.12
1227,3.43
3100,3.88
957,4.05
1773,4.09
2141,3.79
1008,4.18
1092,4.33
2996,3.98
2744,3.87
996,3.75
1679,4.37
153,3.63
3121,3.23
2837,4.3
580,4.1
1470,3.83
703,4.42
1212,3.84
896,4.06
487,3.58
559,3.9
1141,2.94
1119,3.73
2849,4.08
512,3.36
633,3.84
2895,4.17
1664,4.45
1012,4.3
1931,4.12
1150,2.67
2838,3.86
3145,3.52
116,4.13
740,3.82
3097,3.8
1974,4.19
1081,4.48
1810,4.0
830,4.34
119,3.71
656,4.19
3061,3.75
3015,4.0
3282,4.26
635,3.62
369,4.08
268,3.6
2703,4.0
2870,4.03
46,3.94
991,3.4
876,4.07
773,3.52
1219,3.76
1126,3.5
4,3.78
1595,3.29
2311,4.08
3215,3.81
2491,3.93
1077,4.52
837,3.87
681,4.23
1715,3.67
2352,3.59
2617,3.76
2361,3.46
2197,4.29
1148,2.85
574,3.37
50,3.56
853,3.59
1982,3.96
2774,4.02
1823,4.3
833,4.39
1115,3.69
1166,2.03
2518,3.96
1906,3.19
971,4.24
2701,3.96
399,4.12
2559,4.04
2368,3.68
19,3.64
684,4.51
35,4.33
3169,3.53
2875,4.14
524,3.53
2455,3.85
920,3.5
1841,3.78
1890,3.67
537,3.85
2806,3.88
1705,3.4
3281,4.33
245,3.69
784,3.53
1409,4.11
2537,3.98
154,3.62
1686,4.46
2901,3.75
625,3.97
2733,3.72
3219,3.99
1346,4.23
569,4.43
3283,4.32
1758,4.59
1816,3.85
2065,3.78
127,3.89
3334,3.62
2006,4.34
2975,4.4
980,3.26
3331,3.56
190,4.24
1139,3.52
992,3.79
699,4.17
606,3.67
180,3.58
301,3.79
2544,4.01
3114,3.37
1060,4.59
3159,4.07
3221,3.95
2565,4.15
1069,4.46
2524,4.02
2205,3.52
1243,3.97
16,3.75
3337,3.84
546,3.78
658,4.21
3111,3.92
3235,3.88
1504,3.68
959,3.97
2926,4.46
2331,4.25
797,4.04
225,3.74
2074,4.05
1799,4.11
2485,3.18
3317,4.19
2277,3.61
2085,4.32
1693,2.22
2797,4.03
1045,4.47
469,3.59
954,3.66
3333,3.8
2735,3.86
639,3.54
3117,3.89
1218,3.13
1158,2.02
1415,4.04
3040,4.13
1527,4.27
3271,4.03
1300,3.13
3209,4.23
2848,3.88
1603,3.69
160,4.05
1704,3.87
956,3.86
2869,4.11
3265,3.83
877,3.88
1919,3.79
2961,3.83
1884,3.99
2200,3.4
98,4.29
3167,4.11
2557,4.03
253,3.54
103,3.79
1445,2.21
1443,2.75
1648,4.48
586,3.53
627,3.62
1696,2.43
2101,4.13
2199,3.62
403,3.85
1154,1.99
2255,3.61
2863,4.25
1682,4.04
2056,3.82
3062,4.16
3186,4.15
452,3.78
2301,4.12
1327,3.8
2944,4.33
2049,3.85
880,4.06
3268,3.73
623,4.16
2393,4.08
3108,3.58
1787,3.93
262,4.29
1634,4.21
1438,2.81
2198,3.97
1969,3.74
2520,4.44
1802,3.66
640,3.69
3345,3.64
2385,3.9
2598,4.06
3170,4.24
1959,3.47
2976,4.33
488,3.94
1843,3.8
1734,3.81
2911,4.31
146,3.6
1534,3.74
1986,4.03
1369,3.91
2450,3.49
3287,4.28
3002,3.9
2811,4.02
659,4.31
1794,3.96
2511,3.91
186,3.53
1147,2.73
608,3.84
2191,3.49
2799,3.77
1930,3.43
3029,3.81
197,4.23
2931,4.53
2327,4.11
293,3.87
766,3.08
400,4.22
122,3.8
202,2.94
835,4.24
2294,3.31
1439,3.87
1733,4.09
1695,3.16
3278,4.48
1707,3.83
3263,3.46
1153,2.83
1661,4.52
2432,3.84
1759,4.33
854,3.87
1589,3.51
2267,3.8
641,3.91
1,3.9
2160,3.88
698,4.15
2999,3.82
1636,4.22
1291,2.88
3198,3.82
2489,4.18
1520,3.77
1853,3.8
1136,3.56
3247,3.8
1631,4.55
1998,4.12
663,3.77
683,4.03
1257,3.85
317,3.87
648,4.0
1434,2.36
1479,3.84
709,3.64
1282,3.07
1768,3.7
972,3.72
2675,4.5
2680,4.01
1306,3.7
1400,3.98
1408,3.94
2237,3.99
1496,3.97
2038,4.1
1529,3.76
1663,4.39
1354,3.95
3274,3.74
3297,4.33
1643,4.3
1051,4.6
795,3.43
2693,4.16
3060,4.36
1597,3.31
2604,3.93
2729,4.04
2625,4.14
1819,4.04
3157,3.75
1722,3.53
1183,3.14
2572,4.06
1059,4.51
540,3.85
1678,4.37
2796,4.04
3236,4.49
2532,4.22
1757,4.29
1923,3.78
95,3.68
1020,4.14
563,3.46
2790,3.58
863,4.13
1484,4.07
2939,4.23
1881,3.24
1038,4.66
206,4.2
392,3.89
2842,3.85
870,4.25
397,3.87
2814,4.07
3225,4.22
1028,4.75
2690,4.48
1485,3.7
2660,4.28
960,3.75
1570,3.97
2773,3.91
1895,3.67
2731,4.26
2146,3.62
804,3.53
1751,3.89
2454,3.67
502,3.58
3119,3.55
3104,3.84
2977,4.26
779,3.43
1863,3.84
200,4.21
2182,4.13
3099,2.88
2088,4.06
3065,3.85
2278,3.74
1796,4.44
378,4.14
2336,3.81
418,3.76
1698,3.89
391,4.37
2640,3.97
1522,4.13
1162,2.73
3134,3.66
1495,3.39
2695,4.63
2027,4.28
1152,2.72
1367,4.1
2568,4.33
64,3.72
2062,3.72
1180,3.68
3112,3.43
492,3.59
379,3.91
2235,3.86
763,3.87
2264,3.86
791,3.56
1076,4.44
878,3.96
337,4.15
2767,3.93
2343,3.61
1016,4.42
1275,3.79
455,3.84
815,3.77
2317,3.86
995,3.3
1981,3.25
201,3.3
161,3.85
1579,4.09
2777,3.68
2449,3.63
702,3.91
1500,3.68
1129,3.62
2613,3.96
1021,4.52
3073,3.89
1585,3.7
1955,3.85
3152,3.91
2253,3.98
34,4.02
775,3.76
2556,4.18
1478,3.38
3003,3.83
1390,3.67
2139,4.05
1363,4.04
2945,4.33
2612,3.92
2824,3.85
2041,3.81
241,4.24
2061,3.83
2363,3.65
600,3.82
2435,3.61
1297,2.89
2214,4.19
2888,4.55
2068,4.01
646,3.84
3202,3.46
1528,3.87
2879,4.26
1267,3.52
1899,3.87
562,3.84
3320,4.51
2734,4.15
3005,4.08
189,3.36
1806,3.85
975,3.65
2747,3.89
2047,3.88
2558,3.95
1082,4.71
474,3.6
2904,3.9
747,4.17
2300,3.99
21,3.87
459,3.78
1184,3.85
2324,4.0
955,3.92
1215,2.73
2433,3.89
2853,4.65
1515,3.69
2391,4.03
769,4.03
1685,3.89
130,3.9
2919,4.07
3171,3.91
2135,4.35
1482,3.68
330,4.08
1238,3.72
466,4.02
2169,4.19
1638,4.23
3092,3.94
1095,4.46
1130,3.67
1294,2.73
860,4.01
3174,3.55
